Date,Name,Year,Letterboxd URI,Rating
2021-05-16,Parasite,2019,https://boxd.it/hTha,5
2021-05-16,Joker,2019,https://boxd.it/h4cS,5
2021-05-16,Knives Out,2019,https://boxd.it/jWEA,5
2021-05-16,Inception,2010,https://boxd.it/1skk,5
2021-05-16,Spider-Man: Into the Spider-Verse,2018,https://boxd.it/azpY,5
2021-05-16,The Dark Knight,2008,https://boxd.it/2b0k,5
2021-05-16,La La Land,2016,https://boxd.it/a5fa,5
2021-05-16,Interstellar,2014,https://boxd.it/4VZ8,5
2021-05-16,Jojo Rabbit,2019,https://boxd.it/iEBG,5
2021-05-16,Arrival,2016,https://boxd.it/aNGk,5
2021-05-16,Spirited Away,2001,https://boxd.it/2b4m,5
2021-05-16,Moonlight,2016,https://boxd.it/d6bE,5
2021-05-16,Kill Bill: Vol. 1,2003,https://boxd.it/70w,5
2021-05-16,The Truman Show,1998,https://boxd.it/18U8,5
2021-05-16,Blade Runner 2049,2017,https://boxd.it/b8wK,5
2021-05-16,Star Wars,1977,https://boxd.it/72s,5
2021-05-16,The Empire Strikes Back,1980,https://boxd.it/27Vw,5
2021-05-16,Logan,2017,https://boxd.it/7Piy,5
2021-05-16,The Revenant,2015,https://boxd.it/8H5e,5
2021-05-16,The Lord of the Rings: The Return of the King,2003,https://boxd.it/2b5u,5
2021-05-16,The Lord of the Rings: The Two Towers,2002,https://boxd.it/2b5E,5
2021-05-16,My Neighbor Totoro,1988,https://boxd.it/20eA,5
2021-05-16,Kill Bill: Vol. 2,2004,https://boxd.it/2au4,5
2021-05-16,The Mitchells vs. the Machines,2021,https://boxd.it/i7xm,5
2021-05-16,Mortal Kombat,2021,https://boxd.it/gswA,1
2021-05-21,Okja,2017,https://boxd.it/dvXe,4.5
2021-05-25,War of the Worlds,2005,https://boxd.it/2bde,4
2021-05-25,Jurassic World: Fallen Kingdom,2018,https://boxd.it/bOnU,0.5
2021-05-25,Silence,2016,https://boxd.it/2cAo,5
2021-05-25,Princess Mononoke,1997,https://boxd.it/2b4w,5
2021-05-25,Castle in the Sky,1986,https://boxd.it/1W4G,5
2021-05-25,Nausicaä of the Valley of the Wind,1984,https://boxd.it/2bc6,5
2021-05-25,Palm Springs,2020,https://boxd.it/lCXQ,3.5
2021-05-25,The Accountant,2016,https://boxd.it/9EhI,4
2021-05-29,Your Name.,2016,https://boxd.it/cUqs,5
2021-05-29,Weathering with You,2019,https://boxd.it/kPxE,4.5
2021-05-29,The Princess Bride,1987,https://boxd.it/26EY,4.5
2021-05-29,The Farewell,2019,https://boxd.it/kIky,4.5
2021-05-31,Edge of Tomorrow,2014,https://boxd.it/4pD0,4
2021-06-08,WandaVision,2021,https://boxd.it/sbGW,4.5
2021-06-12,Bo Burnham: Inside,2021,https://boxd.it/v2uy,5
2021-06-12,Raya and the Last Dragon,2021,https://boxd.it/jbkI,4.5
2021-06-12,Crazy Rich Asians,2018,https://boxd.it/gfnK,5
2021-06-18,Get Out,2017,https://boxd.it/eOCm,5
2021-06-29,The Queen's Gambit,2020,https://boxd.it/s1Ym,5
2021-06-29,Life of Pi,2012,https://boxd.it/37pC,3.5
2021-07-10,"history of the entire world, i guess",2017,https://boxd.it/rQx0,5
2021-07-11,Storks,2016,https://boxd.it/aUo8,4.5
2021-07-11,"Love, Simon",2018,https://boxd.it/g02s,4.5
2021-07-19,Big Fish,2003,https://boxd.it/2a3M,4.5
2021-07-19,What About Bob?,1991,https://boxd.it/1WEk,4
2021-07-19,Porco Rosso,1992,https://boxd.it/1Tp2,5
2021-07-19,Big Hero 6,2014,https://boxd.it/5rje,4
2021-07-19,Wreck-It Ralph,2012,https://boxd.it/2TTS,4
2021-07-19,Masterminds,2016,https://boxd.it/6mTe,4
2021-07-19,The Sound of Music,1965,https://boxd.it/1MLK,5
2021-07-19,Mission: Impossible III,2006,https://boxd.it/29cI,4
2021-07-20,Midsommar,2019,https://boxd.it/jhxe,4.5
2021-07-20,Cruella,2021,https://boxd.it/bbKg,4
2021-07-21,Alien: Covenant,2017,https://boxd.it/49UY,3.5
2021-07-21,Space Jam: A New Legacy,2021,https://boxd.it/dd9A,0.5
2021-07-24,Fear Street: 1994,2021,https://boxd.it/lLBk,3
2021-07-24,Fear Street: 1978,2021,https://boxd.it/lLBu,3
2021-07-24,Fear Street: 1666,2021,https://boxd.it/lLBE,4
2021-08-07,The Green Knight,2021,https://boxd.it/kuy2,5
2021-08-09,Suicide Squad,2016,https://boxd.it/9row,1
2021-08-17,The Suicide Squad,2021,https://boxd.it/fw6O,4
2021-10-11,War Dogs,2016,https://boxd.it/9SlO,4
2021-10-15,Midnight Mass,2021,https://boxd.it/wvVA,5
2021-10-22,Dune,2021,https://boxd.it/fA7G,5
2021-10-24,Star Wars: Visions – The Village Bride,2021,https://boxd.it/x5aU,5
2021-12-05,Encanto,2021,https://boxd.it/kPRu,5
2021-12-14,Logan Lucky,2017,https://boxd.it/dZrs,4
2021-12-17,Spider-Man: No Way Home,2021,https://boxd.it/nwRw,5
2021-12-18,The Matrix,1999,https://boxd.it/2a1m,5
2021-12-19,The Matrix Reloaded,2003,https://boxd.it/2a1c,4.5
2021-12-24,Ron's Gone Wrong,2021,https://boxd.it/hlj2,3
2021-12-25,Hawkeye,2021,https://boxd.it/xQqK,3
2021-12-25,The Matrix Revolutions,2003,https://boxd.it/2a12,3.5
2021-12-25,It's a Wonderful Life,1946,https://boxd.it/28xA,5
2022-01-06,Blade Runner,1982,https://boxd.it/2bcA,5
2022-01-09,The Garden of Words,2013,https://boxd.it/5Ymq,4
2022-01-10,Howl's Moving Castle,2004,https://boxd.it/23De,5
2022-01-10,Onward,2020,https://boxd.it/io92,4
2022-01-10,Star Wars: Visions – The Duel,2021,https://boxd.it/x5aq,5
2022-01-10,Mulan,1998,https://boxd.it/1VFw,5
2022-01-10,The Disaster Artist,2017,https://boxd.it/cTqc,3
2022-01-10,Mary and The Witch's Flower,2017,https://boxd.it/ffTY,3
2022-01-17,The Amazing Spider-Man,2012,https://boxd.it/27PI,3
2022-03-09,The Batman,2022,https://boxd.it/eDGs,5
2022-04-12,Everything Everywhere All at Once,2022,https://boxd.it/jUk4,5
2022-04-21,Her,2013,https://boxd.it/4O24,5
2022-04-22,American Psycho,2000,https://boxd.it/28Vs,4.5
2022-04-29,Black Mirror: White Bear,2013,https://boxd.it/hRpG,5
2022-04-30,Moon Knight,2022,https://boxd.it/zeDq,4
2022-04-30,Black Mirror: San Junipero,2016,https://boxd.it/k4aS,5
2022-05-18,Fight Club,1999,https://boxd.it/2a9q,5
2022-05-20,Taxi Driver,1976,https://boxd.it/2b8y,5
2022-05-25,The Unbearable Weight of Massive Talent,2022,https://boxd.it/o6eK,4
2022-06-07,Once Upon a Time... in Hollywood,2019,https://boxd.it/gH0O,5
2022-06-08,Bo Burnham: The Inside Outtakes,2022,https://boxd.it/C0h2,5
2022-06-22,The Northman,2022,https://boxd.it/nK2s,5
2022-06-23,Jurassic World Dominion,2022,https://boxd.it/ikXW,0.5
2022-06-25,Obi-Wan Kenobi,2022,https://boxd.it/yLBA,0.5
2022-06-29,The Hunger Games,2012,https://boxd.it/2uds,3
2022-06-29,The Hunger Games: Catching Fire,2013,https://boxd.it/3sAw,4
2022-07-05,A Silent Voice: The Movie,2016,https://boxd.it/d99c,5
2022-07-21,Contagion,2011,https://boxd.it/13rq,3
2022-07-22,Nope,2022,https://boxd.it/sDCe,5
2022-07-22,The Bob's Burgers Movie,2022,https://boxd.it/if7w,4
2022-07-23,The Secret Life of Walter Mitty,2013,https://boxd.it/3SWy,4
2022-07-23,Napoleon Dynamite,2004,https://boxd.it/20wu,4
2022-07-23,In the Heights,2021,https://boxd.it/gLhu,4
2022-07-23,American Sniper,2014,https://boxd.it/5LDy,3.5
2022-07-23,10 Cloverfield Lane,2016,https://boxd.it/aZiu,4
2022-07-23,Train to Busan,2016,https://boxd.it/dSQU,4.5
2022-07-23,Home Alone,1990,https://boxd.it/29Fg,4
2022-07-23,Ferris Bueller's Day Off,1986,https://boxd.it/1YPY,4.5
2022-07-23,Turning Red,2022,https://boxd.it/ipkq,4.5
2022-07-23,Shrek,2001,https://boxd.it/29zi,4
2022-07-23,Star Wars: The Rise of Skywalker,2019,https://boxd.it/5xlK,0.5
2022-07-23,Reservoir Dogs,1992,https://boxd.it/2agc,4.5
2022-07-23,Free Guy,2021,https://boxd.it/k8dm,3.5
2022-07-23,Midnight in Paris,2011,https://boxd.it/i4a,4
2022-07-23,Enola Holmes,2020,https://boxd.it/hX2o,3.5
2022-07-23,Black Widow,2021,https://boxd.it/hWV8,3.5
2022-07-23,Star Wars: Episode I – The Phantom Menace,1999,https://boxd.it/27Vc,3.5
2022-07-23,Star Wars: Episode III – Revenge of the Sith,2005,https://boxd.it/27US,3.5
2022-07-23,Old,2021,https://boxd.it/npKI,3.5
2022-07-23,Death to 2021,2021,https://boxd.it/yj28,2.5
2022-07-23,The King's Man,2021,https://boxd.it/h714,3
2022-07-23,The Boss Baby: Family Business,2021,https://boxd.it/goWY,3
2022-07-23,Star Wars: The Force Awakens,2015,https://boxd.it/4vru,0.5
2022-07-23,Star Wars: The Last Jedi,2017,https://boxd.it/5xme,3
2022-07-23,Birds of Prey (and the Fantabulous Emancipation of One Harley Quinn),2020,https://boxd.it/hSyO,3
2022-07-23,Spider-Man,2002,https://boxd.it/2a8i,3.5
2022-07-23,The Matrix Resurrections,2021,https://boxd.it/n87k,2.5
2022-07-23,Jungle Cruise,2021,https://boxd.it/g4YK,3
2022-07-23,Wrath of Man,2021,https://boxd.it/nEia,3.5
2022-07-23,American Made,2017,https://boxd.it/bb66,3.5
2022-07-23,Nacho Libre,2006,https://boxd.it/1YTG,4
2022-07-23,Guardians of the Galaxy,2014,https://boxd.it/3VH2,4
2022-07-23,Scott Pilgrim vs. the World,2010,https://boxd.it/1Aq6,4.5
2022-07-23,Thor: Ragnarok,2017,https://boxd.it/8MHi,4.5
2022-07-23,Spider-Man: Homecoming,2017,https://boxd.it/aboM,4
2022-07-23,Hereditary,2018,https://boxd.it/hNVe,4.5
2022-07-23,Soul,2020,https://boxd.it/ioLA,4
2022-07-23,Spider-Man: Far From Home,2019,https://boxd.it/fegG,4
2022-07-23,Ratatouille,2007,https://boxd.it/27ww,3.5
2022-07-23,Inside Out,2015,https://boxd.it/4KHC,4.5
2022-07-23,A Quiet Place,2018,https://boxd.it/fVJQ,4.5
2022-07-23,Back to the Future,1985,https://boxd.it/2b8e,4.5
2022-07-23,Captain America: Civil War,2016,https://boxd.it/89Ja,3.5
2022-07-23,Guardians of the Galaxy Vol. 2,2017,https://boxd.it/8MxC,3
2022-07-23,Up,2009,https://boxd.it/1OEc,4
2022-07-23,Iron Man,2008,https://boxd.it/28dA,3.5
2022-07-23,It,2017,https://boxd.it/bC8e,4
2022-07-23,WALL·E,2008,https://boxd.it/1VEo,4
2022-07-23,Captain America: The Winter Soldier,2014,https://boxd.it/3r58,4
2022-07-23,The French Dispatch,2021,https://boxd.it/jLP8,4.5
2022-07-23,Harry Potter and the Prisoner of Azkaban,2004,https://boxd.it/29Qy,4
2022-07-23,Shang-Chi and the Legend of the Ten Rings,2021,https://boxd.it/kLDI,4.5
2022-07-23,Captain America: The First Avenger,2011,https://boxd.it/28b0,3
2022-07-23,John Wick,2014,https://boxd.it/7dEc,4
2022-07-23,Split,2016,https://boxd.it/dgSy,4
2022-07-23,Wonder Woman,2017,https://boxd.it/9roG,4
2022-07-23,Avatar,2009,https://boxd.it/1Efm,3.5
2022-07-23,"tick, tick... BOOM!",2021,https://boxd.it/jz2e,4.5
2022-07-23,A Quiet Place Part II,2020,https://boxd.it/iTx0,3.5
2022-07-23,Ford v Ferrari,2019,https://boxd.it/ce74,4
2022-07-23,The Lego Movie,2014,https://boxd.it/4pDO,3.5
2022-07-23,Kiki's Delivery Service,1989,https://boxd.it/1JAY,4.5
2022-07-23,Monty Python and the Holy Grail,1975,https://boxd.it/29GI,4
2022-07-23,Ponyo,2008,https://boxd.it/1S0A,4.5
2022-07-23,The Emperor's New Groove,2000,https://boxd.it/1Tey,4.5
2022-07-23,Hidden Figures,2016,https://boxd.it/dgS4,4.5
2022-07-23,Creed,2015,https://boxd.it/a2qk,4
2022-07-23,Elvis,2022,https://boxd.it/mK4w,4
2022-07-23,Klaus,2019,https://boxd.it/ipoi,4
2022-07-23,Doctor Strange in the Multiverse of Madness,2022,https://boxd.it/gaTc,3
2022-07-23,Chip 'n Dale: Rescue Rangers,2022,https://boxd.it/eSk2,2.5
2022-07-23,Deadpool,2016,https://boxd.it/9fOC,3.5
2022-07-23,Ant-Man,2015,https://boxd.it/3vmW,3.5
2022-07-23,Coco,2017,https://boxd.it/bYJQ,4.5
2022-07-23,Uncut Gems,2019,https://boxd.it/gXGc,4
2022-07-23,Forrest Gump,1994,https://boxd.it/728,4.5
2022-07-23,Doctor Strange,2016,https://boxd.it/8MH8,4
2022-07-23,Us,2019,https://boxd.it/gnV6,4
2022-07-23,Fantastic Mr. Fox,2009,https://boxd.it/1WyQ,5
2022-07-23,Memento,2000,https://boxd.it/2bcK,4.5
2022-07-23,Alien,1979,https://boxd.it/2awY,4.5
2022-07-23,Eternals,2021,https://boxd.it/j36o,4
2022-07-23,The Irishman,2019,https://boxd.it/dYOq,4
2022-07-23,Annihilation,2018,https://boxd.it/9yzm,4
2022-07-23,Minari,2020,https://boxd.it/mL9M,4.5
2022-07-23,Men,2022,https://boxd.it/tlc0,4
2022-07-23,Fast Five,2011,https://boxd.it/BgO,3.5
2022-07-23,A Beautiful Day in the Neighborhood,2019,https://boxd.it/i7vA,4
2022-07-23,Sully,2016,https://boxd.it/cD8Q,4
2022-07-23,You've Got Mail,1998,https://boxd.it/1Yye,3.5
2022-07-23,Atlantis: The Lost Empire,2001,https://boxd.it/1Vck,4
2022-07-23,National Lampoon's Christmas Vacation,1989,https://boxd.it/22wQ,4.5
2022-07-23,The Gray Man,2022,https://boxd.it/rb7q,3.5
2022-07-23,Lightyear,2022,https://boxd.it/qV1G,3
2022-07-23,"Love, Death & Robots: Night of the Mini Dead",2022,https://boxd.it/AW6s,4
2022-07-23,Top Gun: Maverick,2022,https://boxd.it/cjr4,4.5
2022-07-23,Ghostbusters: Afterlife,2021,https://boxd.it/f4Pw,3
2022-07-23,Star Wars: Visions – The Ninth Jedi,2021,https://boxd.it/x5be,4
2022-07-23,Star Wars: Visions – Akakiri,2021,https://boxd.it/x5by,4
2022-07-23,Star Wars: Visions – Lop & Ochō,2021,https://boxd.it/x5aK,4
2022-07-23,Star Wars: Visions – The Elder,2021,https://boxd.it/x5c2,4
2022-07-23,Squid Game,2021,https://boxd.it/x1OG,4.5
2022-07-23,Bohemian Rhapsody,2018,https://boxd.it/f1TK,3.5
2022-07-23,Ready Player One,2018,https://boxd.it/aZes,3.5
2022-07-23,Death on the Nile,2022,https://boxd.it/ifpg,3.5
2022-07-23,Kin of the Stained Blade,2020,https://boxd.it/rlcK,3
2022-07-23,Batman Begins,2005,https://boxd.it/2aIg,4
2022-07-23,Luca,2021,https://boxd.it/ipjC,5
2022-07-23,Avengers: Endgame,2019,https://boxd.it/9vE4,4
2022-07-23,The Shape of Water,2017,https://boxd.it/dZ5m,4.5
2022-07-23,Return of the Jedi,1983,https://boxd.it/27Vm,4
2022-07-23,Amend: The Fight for America,2021,https://boxd.it/u36g,4
2022-07-23,Star Wars: Visions – The Twins,2021,https://boxd.it/x5bI,4
2022-07-23,Parasyte -the maxim-,2014,https://boxd.it/pDn8,4
2022-07-23,Us Again,2021,https://boxd.it/thCe,4
2022-07-23,Far from the Tree,2021,https://boxd.it/vmgc,4
2022-07-23,Geri's Game,1997,https://boxd.it/1P6U,4
2022-07-23,Black Mirror: Be Right Back,2013,https://boxd.it/hRpw,4.5
2022-07-23,Black Mirror: Nosedive,2016,https://boxd.it/hK9G,4
2022-07-23,Black Mirror: White Christmas,2014,https://boxd.it/B3qu,4.5
2022-07-23,Black Panther,2018,https://boxd.it/8MHs,4
2022-07-23,Fireworks,2017,https://boxd.it/fjvm,0.5
2022-07-23,"Love, Death & Robots: Swarm",2022,https://boxd.it/AW84,2.5
2022-07-23,"Love, Death & Robots: In Vaulted Halls Entombed",2022,https://boxd.it/AW7A,2.5
2022-07-23,"Love, Death & Robots: Kill Team Kill",2022,https://boxd.it/AW6M,2.5
2022-07-23,"Love, Death & Robots: Mason's Rats",2022,https://boxd.it/AW76,2.5
2022-07-23,"Love, Death & Robots: Life Hutch",2021,https://boxd.it/vdRe,2
2022-07-23,The Master of Disguise,2002,https://boxd.it/1Pai,2
2022-07-23,"Love, Death & Robots: Blindspot",2019,https://boxd.it/lJH6,2.5
2022-07-23,"Love, Death & Robots: Snow in the Desert",2021,https://boxd.it/vhLO,2
2022-07-23,"Love, Death & Robots: The Tall Grass",2021,https://boxd.it/vdQU,3
2022-07-23,"Love, Death & Robots: Lucky 13",2019,https://boxd.it/lJGC,1.5
2022-07-23,"Love, Death & Robots: The Dump",2019,https://boxd.it/lJGi,1.5
2022-07-23,"Love, Death & Robots: The Drowned Giant",2021,https://boxd.it/vdRo,3
2022-07-23,"Love, Death & Robots: All Through the House",2021,https://boxd.it/vhXA,3
2022-07-23,"Love, Death & Robots: Ice",2021,https://boxd.it/vhLu,3
2022-07-23,"Love, Death & Robots: Automated Customer Service",2021,https://boxd.it/vhLk,1
2022-07-23,"Love, Death & Robots: Shape-Shifters",2019,https://boxd.it/lJFY,1
2022-07-23,"Love, Death & Robots: Fish Night",2019,https://boxd.it/lJGs,1.5
2022-07-23,"Love, Death & Robots: Pop Squad",2021,https://boxd.it/vhLE,3.5
2022-07-23,"Love, Death & Robots: The Secret War",2019,https://boxd.it/lN0g,3
2022-07-23,"Love, Death & Robots: Sucker of Souls",2019,https://boxd.it/lFOW,1
2022-07-23,"Love, Death & Robots: Ice Age",2019,https://boxd.it/lJG8,1.5
2022-07-23,"Love, Death & Robots: Good Hunting",2019,https://boxd.it/lJFO,3.5
2022-07-23,"Love, Death & Robots: Jibaro",2022,https://boxd.it/EqO6,4
2022-07-23,"Love, Death & Robots: Beyond the Aquila Rift",2019,https://boxd.it/lGTe,3.5
2022-07-23,"Love, Death & Robots: When the Yogurt Took Over",2019,https://boxd.it/lFSY,3.5
2022-07-23,What to Expect When You're Expecting,2012,https://boxd.it/2DEM,4
2022-07-23,Wish Dragon,2021,https://boxd.it/k6w2,3
2022-07-23,"Love, Death & Robots: Sonnie's Edge",2019,https://boxd.it/lECg,4
2022-07-23,"Love, Death & Robots: Three Robots",2019,https://boxd.it/lECK,3
2022-07-23,"Love, Death & Robots: The Witness",2019,https://boxd.it/lFO8,3.5
2022-07-23,Arthur Christmas,2011,https://boxd.it/Cg6,4.5
2022-07-23,Muppets Most Wanted,2014,https://boxd.it/4Cti,4
2022-07-23,21 Bridges,2019,https://boxd.it/juea,3
2022-07-23,While You Were Sleeping,1995,https://boxd.it/27wm,3.5
2022-07-23,Leap Year,2010,https://boxd.it/1wdC,2.5
2022-07-23,Black Mirror: Shut Up and Dance,2016,https://boxd.it/hRRq,3.5
2022-07-23,Wallace & Gromit: The Curse of the Were-Rabbit,2005,https://boxd.it/2ac0,3.5
2022-07-23,ParaNorman,2012,https://boxd.it/2FuY,4
2022-07-23,Fast & Furious,2009,https://boxd.it/1Pnm,2.5
2022-07-23,Black Mirror: Playtest,2016,https://boxd.it/hRR6,3.5
2022-07-23,Baby Driver,2017,https://boxd.it/bhF2,4.5
2022-07-23,A Goofy Movie,1995,https://boxd.it/1Lwu,3.5
2022-07-23,Last Christmas,2019,https://boxd.it/k38G,4
2022-07-23,Under the Banner of Heaven,2022,https://boxd.it/zMlA,4.5
2022-07-23,The Dark Knight Rises,2012,https://boxd.it/H3m,4
2022-07-23,"Love, Death & Robots: Helping Hand",2019,https://boxd.it/lJGW,3.5
2022-07-23,Avengers: Infinity War,2018,https://boxd.it/9vEe,4
2022-07-23,The Avengers,2012,https://boxd.it/1xFW,3
2022-07-23,Tenet,2020,https://boxd.it/leq4,3.5
2022-07-23,Jurassic Park,1993,https://boxd.it/2aA2,4.5
2022-07-23,Toy Story,1995,https://boxd.it/29qA,4
2022-07-23,The Incredibles,2004,https://boxd.it/1XLm,4
2022-07-23,Captain Marvel,2019,https://boxd.it/9vSA,4
2022-07-23,Avengers: Age of Ultron,2015,https://boxd.it/3qi6,2.5
2022-07-23,10 Things I Hate About You,1999,https://boxd.it/23AO,4
2022-07-23,Finding Nemo,2003,https://boxd.it/72i,4
2022-07-23,"Monsters, Inc.",2001,https://boxd.it/2a46,4
2022-07-23,The Lion King,1994,https://boxd.it/201Q,4
2022-07-23,Iron Man 3,2013,https://boxd.it/2cBQ,3
2022-07-23,Zootopia,2016,https://boxd.it/84xS,4
2022-07-23,Solo: A Star Wars Story,2018,https://boxd.it/bGWs,3
2022-07-23,Cars,2006,https://boxd.it/29ho,4
2022-07-23,The Lost City of Z,2016,https://boxd.it/a7jS,3.5
2022-07-23,Ad Astra,2019,https://boxd.it/ePzI,3.5
2022-07-23,Lion,2016,https://boxd.it/b2La,4
2022-07-23,The Lost World: Jurassic Park,1997,https://boxd.it/2azS,3
2022-07-23,Space Jam,1996,https://boxd.it/26YO,3
2022-07-23,The Fast and the Furious,2001,https://boxd.it/1XMu,3
2022-07-23,Cars 2,2011,https://boxd.it/H4Y,2.5
2022-07-23,Mulan,2020,https://boxd.it/bbK6,1.5
2022-07-23,The Fast and the Furious: Tokyo Drift,2006,https://boxd.it/1Yeo,3.5
2022-07-23,Forgetting Sarah Marshall,2008,https://boxd.it/1XEq,3
2022-07-23,Treasure Planet,2002,https://boxd.it/1Znm,3.5
2022-07-23,2 Fast 2 Furious,2003,https://boxd.it/2a4g,2.5
2022-07-23,Cars 3,2017,https://boxd.it/7IPq,3
2022-07-23,The Muppets,2011,https://boxd.it/1zg,3.5
2022-07-23,Friends: The Reunion,2021,https://boxd.it/pOQq,3
2022-07-23,Tag,2018,https://boxd.it/gh7Y,4
2022-07-23,Hairspray,2007,https://boxd.it/261M,3
2022-07-23,The Nice Guys,2016,https://boxd.it/94Hg,4
2022-07-23,Black Mirror: Black Museum,2017,https://boxd.it/hRqu,3.5
2022-07-23,Black Mirror: The Entire History of You,2011,https://boxd.it/hQZ4,3
2022-07-23,Black Mirror: Fifteen Million Merits,2011,https://boxd.it/hQYU,3
2022-07-23,Black Mirror: Hated in the Nation,2016,https://boxd.it/hSBI,3.5
2022-07-23,Rejected,2000,https://boxd.it/1gZU,4
2022-07-24,Tipping Point,2020,https://boxd.it/zp9w,4
2022-07-24,"Love, Death & Robots: Bad Travelling",2022,https://boxd.it/BykM,4
2022-07-24,Save Ralph,2021,https://boxd.it/ux2o,5
2022-07-26,Marcel the Shell with Shoes On,2021,https://boxd.it/wMAk,5
2022-08-01,Robots,2005,https://boxd.it/1Xve,4
2022-08-03,"Crazy, Stupid, Love.",2011,https://boxd.it/D9A,2.5
2022-08-05,Where the Crawdads Sing,2022,https://boxd.it/psLS,3.5
2022-08-07,Altered Carbon: Resleeved,2020,https://boxd.it/oLbW,0.5
2022-08-08,Ex Machina,2015,https://boxd.it/7T2k,5
2022-09-24,The Haunting of Hill House,2018,https://boxd.it/kfJ0,5
2022-10-07,Black Mirror: Hang the DJ,2017,https://boxd.it/hQYA,5
2022-10-08,Hocus Pocus 2,2022,https://boxd.it/nRog,3
2022-10-14,The Hunt for Red October,1990,https://boxd.it/28lk,4
2022-10-15,DAHMER - Monster: The Jeffrey Dahmer Story,2022,https://boxd.it/CRG0,5
2022-10-15,See How They Run,2022,https://boxd.it/sNVq,3.5
2022-10-26,Minions: The Rise of Gru,2022,https://boxd.it/fz9w,3.5
2022-11-01,It Chapter Two,2019,https://boxd.it/h10u,3.5
2022-11-10,The Shawshank Redemption,1994,https://boxd.it/2aHi,5
2022-11-12,Black Panther: Wakanda Forever,2022,https://boxd.it/igPu,4
2022-11-24,No Country for Old Men,2007,https://boxd.it/21ew,5
2022-11-27,The Bad Guys,2022,https://boxd.it/nkg4,4
2022-12-10,All Quiet on the Western Front,2022,https://boxd.it/H08,5
2022-12-11,The Prince of Egypt,1998,https://boxd.it/1XGQ,5
2022-12-11,The Sandlot,1993,https://boxd.it/1TDy,4
2022-12-11,Tarzan,1999,https://boxd.it/18YO,4
2022-12-11,Fantasia 2000,1999,https://boxd.it/ENG,4
2022-12-11,Signs,2002,https://boxd.it/26t2,4
2022-12-11,Holes,2003,https://boxd.it/20mE,3.5
2022-12-17,Bullet Train,2022,https://boxd.it/qW26,3.5
2022-12-18,The Lord of the Rings: The Fellowship of the Ring,2001,https://boxd.it/2b5O,5
2022-12-19,The Menu,2022,https://boxd.it/lScm,4
2022-12-21,Avatar: The Way of Water,2022,https://boxd.it/2E2E,5
2022-12-28,Glass Onion,2022,https://boxd.it/oCkK,4
2022-12-28,Guillermo del Toro's Pinocchio,2022,https://boxd.it/kjMW,5
2022-12-31,Puss in Boots: The Last Wish,2022,https://boxd.it/aaie,5
2023-01-02,How to Train Your Dragon,2010,https://boxd.it/1WRy,5
2023-01-02,Strange World,2022,https://boxd.it/x6Li,4
2023-01-03,The Man from U.N.C.L.E.,2015,https://boxd.it/67lG,4
2023-01-10,Mission: Impossible – Fallout,2018,https://boxd.it/bSVc,4
2023-02-13,Mission: Impossible – Rogue Nation,2015,https://boxd.it/5rI4,4.5
2023-02-27,Ant-Man and the Wasp: Quantumania,2023,https://boxd.it/nL2y,4
2023-03-18,The Lord of the Rings: The Rings of Power Global Fan Screening,2022,https://boxd.it/CpBw,1
2023-03-18,Venom,2018,https://boxd.it/b8wA,1.5
2023-03-18,Mile 22,2018,https://boxd.it/bEwM,0.5
2023-03-28,John Wick: Chapter 4,2023,https://boxd.it/mh48,5
2023-04-03,Dungeons & Dragons: Honor Among Thieves,2023,https://boxd.it/hN1A,4
2023-04-09,The Super Mario Bros. Movie,2023,https://boxd.it/i8C8,3
2023-04-16,Air,2023,https://boxd.it/Arlc,4
2023-04-17,Suzume,2022,https://boxd.it/yv7Y,3.5
2023-04-17,Don't Worry Darling,2022,https://boxd.it/mViu,2.5
2023-04-25,Beau Is Afraid,2023,https://boxd.it/u2gE,4
2023-05-02,BEEF,2023,https://boxd.it/FPsm,5
2023-05-06,Thor: Love and Thunder,2022,https://boxd.it/mMAY,3
2023-05-10,Star Wars: Tales of the Jedi,2022,https://boxd.it/DmaE,4
2023-05-10,Star Wars: Visions – Screecher's Reach,2023,https://boxd.it/GqTY,4
2023-05-10,Star Wars: Visions – Sith,2023,https://boxd.it/GqU8,4
2023-05-10,Alita: Battle Angel,2019,https://boxd.it/e0rS,2.5
2023-05-11,Star Wars: Visions – I Am Your Mother,2023,https://boxd.it/GqEE,4
2023-05-11,Star Wars: Visions – Journey to the Dark Head,2023,https://boxd.it/GqL6,4
2023-05-12,Star Wars: Visions – The Spy Dancer,2023,https://boxd.it/GqOk,4
2023-05-12,Star Wars: Visions – Aau's Song,2023,https://boxd.it/GqMo,5
2023-05-30,Love & Death,2023,https://boxd.it/Gdw8,5
2023-05-31,ERASED,2016,https://boxd.it/px1A,5
2023-05-31,The Little Mermaid,2023,https://boxd.it/fVum,4.5
2023-05-31,Guardians of the Galaxy Vol. 3,2023,https://boxd.it/fVNI,4.5
2023-06-05,Spider-Man: Across the Spider-Verse,2023,https://boxd.it/kSz4,5
2023-06-11,Rye Lane,2023,https://boxd.it/DIyy,4
2023-06-18,Elemental,2023,https://boxd.it/ASiE,4
2023-06-23,Scream 2,1997,https://boxd.it/24Es,1
2023-06-23,Scream,1996,https://boxd.it/24EC,4.5
2023-06-23,Scream 3,2000,https://boxd.it/24Ei,0.5
2023-06-23,Asteroid City,2023,https://boxd.it/s3ds,5
2023-06-24,Past Lives,2023,https://boxd.it/oNB8,5
2023-06-27,Scream 4,2011,https://boxd.it/Zmc,0.5
2023-06-27,Scream,2022,https://boxd.it/o0lg,3
2023-06-28,Scream VI,2023,https://boxd.it/zdfW,3.5
2023-06-29,Isle of Dogs,2018,https://boxd.it/dZrW,5
2023-07-04,Bodies Bodies Bodies,2022,https://boxd.it/iRcE,4
2023-07-04,X,2022,https://boxd.it/sxVa,4
2023-07-05,Nimona,2023,https://boxd.it/Aiyc,5
2023-07-07,Chernobyl,2019,https://boxd.it/mkbG,5
2023-07-08,Pearl,2022,https://boxd.it/zPbe,4.5
2023-07-08,Pulp Fiction,1994,https://boxd.it/29Pq,4
2023-07-08,Rogue One: A Star Wars Story,2016,https://boxd.it/aPvy,4
2023-07-08,Blade Runner: Black Out 2022,2017,https://boxd.it/h5sM,4
2023-07-08,Good Morning,2007,https://boxd.it/fqQc,4.5
2023-07-08,8:46,2020,https://boxd.it/qL5e,4.5
2023-07-08,Marcel the Shell with Shoes On,2010,https://boxd.it/cOZw,4
2023-07-08,"Marcel the Shell with Shoes On, Two",2011,https://boxd.it/eOZU,4
2023-07-08,"Marcel the Shell with Shoes On, Three",2014,https://boxd.it/eP0S,4.5
2023-07-08,All Too Well: The Short Film,2021,https://boxd.it/xTmc,4.5
2023-07-08,The Mark of Emi,2021,https://boxd.it/veYA,4
2023-07-08,About Time,2013,https://boxd.it/43bI,4
2023-07-08,Good Will Hunting,1997,https://boxd.it/2ahY,4
2023-07-08,Moonrise Kingdom,2012,https://boxd.it/2Wng,4
2023-07-08,Don't Look Up,2021,https://boxd.it/o0Hc,3.5
2023-07-08,Deadpool 2,2018,https://boxd.it/dlLM,3.5
2023-07-09,Rango,2011,https://boxd.it/QPk,3
2023-07-11,The Wolf of Wall Street,2013,https://boxd.it/3C1m,5
2023-07-13,Mission: Impossible – Dead Reckoning,2023,https://boxd.it/l7zS,4
2023-07-14,Babylon,2022,https://boxd.it/mM02,4
2023-07-14,There Will Be Blood,2007,https://boxd.it/20Z2,5
2023-07-16,This Place Rules,2022,https://boxd.it/CJGm,3
2023-07-19,1917,2019,https://boxd.it/jj4y,5
2023-07-21,Barbie,2023,https://boxd.it/bCLK,5
2023-07-22,Oppenheimer,2023,https://boxd.it/wUow,5
2023-08-16,Talk to Me,2022,https://boxd.it/C6uQ,5
2023-08-17,Sound of Freedom,2023,https://boxd.it/piEi,3
2023-08-23,The Wind Rises,2013,https://boxd.it/4JQS,5
2023-09-02,Teenage Mutant Ninja Turtles: Mutant Mayhem,2023,https://boxd.it/mK0a,3.5
2023-09-12,Bottoms,2023,https://boxd.it/uGf2,5
2023-10-03,A Haunting in Venice,2023,https://boxd.it/zGdg,4
2023-10-05,The Creator,2023,https://boxd.it/oXWq,2.5
2023-10-17,E.T. the Extra-Terrestrial,1982,https://boxd.it/2a1G,4
2023-10-25,Killers of the Flower Moon,2023,https://boxd.it/gHp0,5
2023-11-13,Loki,2021,https://boxd.it/sbHg,5
2023-11-13,The Marvels,2023,https://boxd.it/mwU4,2.5
2023-11-21,The Hunger Games: The Ballad of Songbirds & Snakes,2023,https://boxd.it/pZCY,4
2023-11-23,Saltburn,2023,https://boxd.it/z4eg,5
2023-11-24,Next Goal Wins,2023,https://boxd.it/mZTu,3
2023-12-08,The Boy and the Heron,2023,https://boxd.it/ipeM,5
2023-12-14,Godzilla Minus One,2023,https://boxd.it/zu4c,5
2023-12-18,Indiana Jones and the Dial of Destiny,2023,https://boxd.it/b8vM,3.5
2023-12-25,Spider-Man 2,2004,https://boxd.it/2a88,4.5
2023-12-25,Pirates of the Caribbean: The Curse of the Black Pearl,2003,https://boxd.it/70G,4.5
2023-12-25,The Power of the Dog,2021,https://boxd.it/m99E,4.5
2023-12-25,Lilo & Stitch,2002,https://boxd.it/1TAY,4.5
2023-12-25,Hunt for the Wilderpeople,2016,https://boxd.it/cTgG,4.5
2023-12-25,National Treasure,2004,https://boxd.it/27x0,3.5
2023-12-25,The Muppet Christmas Carol,1992,https://boxd.it/1WgC,4.5
2023-12-25,A Charlie Brown Christmas,1965,https://boxd.it/1QDq,4.5
2023-12-25,"Love, Death & Robots: Zima Blue",2019,https://boxd.it/lJGM,5
2023-12-25,Ahsoka,2023,https://boxd.it/IhEE,4
2023-12-25,Trick or Treat Scooby-Doo!,2022,https://boxd.it/CobW,3.5
2024-01-06,The Worst Person in the World,2021,https://boxd.it/oyws,5
2024-01-15,Legally Blonde,2001,https://boxd.it/1ZNa,5
2024-01-15,Hacksaw Ridge,2016,https://boxd.it/azew,5
2024-01-17,Scott Pilgrim Takes Off,2023,https://boxd.it/JLZk,5
2024-01-18,Barbie as The Princess & the Pauper,2004,https://boxd.it/1MGU,5
2024-01-20,The Holdovers,2023,https://boxd.it/vHza,4
2024-01-28,Godzilla,2014,https://boxd.it/47OE,3.5
2024-01-31,Masters of the Air,2024,https://boxd.it/KPrS,4
2024-02-06,Wolfwalkers,2020,https://boxd.it/fGrC,5
2024-02-14,Normal People,2020,https://boxd.it/q2VY,5
2024-02-14,The Zone of Interest,2023,https://boxd.it/gJsA,5
2024-02-16,Poor Things,2023,https://boxd.it/tNWU,4
2024-02-19,BLUE EYE SAMURAI,2023,https://boxd.it/JH9k,3.5
2024-02-21,Snowpiercer,2013,https://boxd.it/3Icg,4
2024-02-25,Whiplash,2014,https://boxd.it/7bQA,5
2024-02-26,Demon Slayer: Kimetsu no Yaiba,2019,https://boxd.it/pKsE,4
2024-03-01,Dune: Part Two,2024,https://boxd.it/pUfA,5
2024-03-17,Kung Fu Panda 4,2024,https://boxd.it/CepE,3
2024-04-13,Civil War,2024,https://boxd.it/z1jW,5
2024-04-17,Attack on Titan The Final Chapters: Special 2,2023,https://boxd.it/JyZw,5
2024-04-17,Attack on Titan The Final Chapters: Special 1,2023,https://boxd.it/JyYy,5
2024-04-22,The Ministry of Ungentlemanly Warfare,2024,https://boxd.it/u5zu,4
2024-04-30,Shōgun,2024,https://boxd.it/LciY,5
2024-05-19,American Fiction,2023,https://boxd.it/DYHm,4
2024-05-19,The Iron Claw,2023,https://boxd.it/w5Pm,5
2024-05-19,Akira,1988,https://boxd.it/2b1i,5
2024-05-27,The Fall Guy,2024,https://boxd.it/s0Bm,4
2024-06-13,Jujutsu Kaisen,2020,https://boxd.it/sOve,5
2024-06-14,Challengers,2024,https://boxd.it/zld0,5
2024-06-14,Kingdom of the Planet of the Apes,2024,https://boxd.it/ohEE,3
2024-06-17,Inside Out 2,2024,https://boxd.it/CFrC,4
2024-06-17,Furiosa: A Mad Max Saga,2024,https://boxd.it/tABk,4
2024-07-13,Mr. & Mrs. Smith,2005,https://boxd.it/29CG,5
2024-07-15,"Red, White & Royal Blue",2023,https://boxd.it/z3iG,4
2024-07-23,Love Lies Bleeding,2024,https://boxd.it/zN4q,4
2024-07-24,Twisters,2024,https://boxd.it/qV7a,4.5
2024-07-25,Bones and All,2022,https://boxd.it/tLd4,4
2024-07-25,Jujutsu Kaisen 0,2021,https://boxd.it/uvFS,5
2024-08-02,Deadpool & Wolverine,2024,https://boxd.it/jq8s,3.5
2024-08-07,Trap,2024,https://boxd.it/D4nK,5
2024-08-14,Fresh,2022,https://boxd.it/tCNi,4
2024-08-17,Mean Girls,2004,https://boxd.it/1VNg,5
2024-08-19,The Fall,2006,https://boxd.it/1NoM,5
2024-08-19,The Grinch,2018,https://boxd.it/chpK,5
2024-08-28,Strange Darling,2023,https://boxd.it/CVIk,5
2024-08-30,Kimi,2022,https://boxd.it/u7LW,4
2024-08-31,The Last Five Years,2014,https://boxd.it/6boO,1
2024-08-31,Twenty Something,2021,https://boxd.it/wbzu,5
2024-08-31,Kitbull,2019,https://boxd.it/l4MY,5
2024-08-31,Out,2020,https://boxd.it/qs3I,5
2024-08-31,Alien: Romulus,2024,https://boxd.it/zGqO,4
2024-09-06,21 Jump Street,2012,https://boxd.it/J0,4
2024-10-02,Megalopolis,2024,https://boxd.it/lPBS,3.5
2024-10-10,I Saw the TV Glow,2024,https://boxd.it/woVe,4
2024-10-14,The Wild Robot,2024,https://boxd.it/IWFy,5
2024-10-30,Monster House,2006,https://boxd.it/1Z2e,3
2024-11-12,"The Boy, the Mole, the Fox and the Horse",2022,https://boxd.it/BBT6,4
2024-11-13,Heretic,2024,https://boxd.it/H1lY,3
2024-11-18,Red One,2024,https://boxd.it/vTBM,0.5
2024-11-18,Venom: The Last Dance,2024,https://boxd.it/ynqo,1
2024-11-24,Wicked,2024,https://boxd.it/e8ME,5
2024-12-08,Over the Garden Wall,2014,https://boxd.it/eqFw,5
2024-12-16,Conclave,2024,https://boxd.it/AO8q,5
