Date,Name,Year,Letterboxd URI
2021-05-16,Parasite,2019,https://boxd.it/hTha
2021-05-16,Joker,2019,https://boxd.it/h4cS
2021-05-16,Knives Out,2019,https://boxd.it/jWEA
2021-05-16,Inception,2010,https://boxd.it/1skk
2021-05-16,Spider-Man: Into the Spider-Verse,2018,https://boxd.it/azpY
2021-05-16,The Dark Knight,2008,https://boxd.it/2b0k
2021-05-16,La La Land,2016,https://boxd.it/a5fa
2021-05-16,Interstellar,2014,https://boxd.it/4VZ8
2021-05-16,Baby Driver,2017,https://boxd.it/bhF2
2021-05-16,Avengers: Infinity War,2018,https://boxd.it/9vEe
2021-05-16,Jojo Rabbit,2019,https://boxd.it/iEBG
2021-05-16,Black Panther,2018,https://boxd.it/8MHs
2021-05-16,Avengers: Endgame,2019,https://boxd.it/9vE4
2021-05-16,Mad Max: Fury Road,2015,https://boxd.it/2DjO
2021-05-16,Arrival,2016,https://boxd.it/aNGk
2021-05-16,Spirited Away,2001,https://boxd.it/2b4m
2021-05-16,Uncut Gems,2019,https://boxd.it/gXGc
2021-05-16,Guardians of the Galaxy,2014,https://boxd.it/3VH2
2021-05-16,Moonlight,2016,https://boxd.it/d6bE
2021-05-16,Kill Bill: Vol. 1,2003,https://boxd.it/70w
2021-05-16,Dunkirk,2017,https://boxd.it/d0Y6
2021-05-16,Thor: Ragnarok,2017,https://boxd.it/8MHi
2021-05-16,The Truman Show,1998,https://boxd.it/18U8
2021-05-16,Soul,2020,https://boxd.it/ioLA
2021-05-16,Forrest Gump,1994,https://boxd.it/728
2021-05-16,Star Wars: The Force Awakens,2015,https://boxd.it/4vru
2021-05-16,Blade Runner 2049,2017,https://boxd.it/b8wK
2021-05-16,Star Wars,1977,https://boxd.it/72s
2021-05-16,Deadpool,2016,https://boxd.it/9fOC
2021-05-16,Coco,2017,https://boxd.it/bYJQ
2021-05-16,Inside Out,2015,https://boxd.it/4KHC
2021-05-16,Spider-Man: Homecoming,2017,https://boxd.it/aboM
2021-05-16,The Lord of the Rings: The Fellowship of the Ring,2001,https://boxd.it/2b5O
2021-05-16,The Avengers,2012,https://boxd.it/1xFW
2021-05-16,A Quiet Place,2018,https://boxd.it/fVJQ
2021-05-16,Star Wars: The Last Jedi,2017,https://boxd.it/5xme
2021-05-16,The Shape of Water,2017,https://boxd.it/dZ5m
2021-05-16,The Empire Strikes Back,1980,https://boxd.it/27Vw
2021-05-16,Back to the Future,1985,https://boxd.it/2b8e
2021-05-16,Guardians of the Galaxy Vol. 2,2017,https://boxd.it/8MxC
2021-05-16,Captain America: Civil War,2016,https://boxd.it/89Ja
2021-05-16,Ratatouille,2007,https://boxd.it/27ww
2021-05-16,Up,2009,https://boxd.it/1OEc
2021-05-16,WALL·E,2008,https://boxd.it/1VEo
2021-05-16,Logan,2017,https://boxd.it/7Piy
2021-05-16,Doctor Strange,2016,https://boxd.it/8MH8
2021-05-16,Captain America: The Winter Soldier,2014,https://boxd.it/3r58
2021-05-16,Jurassic Park,1993,https://boxd.it/2aA2
2021-05-16,Alien,1979,https://boxd.it/2awY
2021-05-16,The Martian,2015,https://boxd.it/8SeG
2021-05-16,Spider-Man: Far From Home,2019,https://boxd.it/fegG
2021-05-16,Rogue One: A Star Wars Story,2016,https://boxd.it/aPvy
2021-05-16,Iron Man,2008,https://boxd.it/28dA
2021-05-16,Toy Story,1995,https://boxd.it/29qA
2021-05-16,Bohemian Rhapsody,2018,https://boxd.it/f1TK
2021-05-16,The Dark Knight Rises,2012,https://boxd.it/H3m
2021-05-16,Star Wars: The Rise of Skywalker,2019,https://boxd.it/5xlK
2021-05-16,Memento,2000,https://boxd.it/2bcK
2021-05-16,The Revenant,2015,https://boxd.it/8H5e
2021-05-16,Captain Marvel,2019,https://boxd.it/9vSA
2021-05-16,The Incredibles,2004,https://boxd.it/1XLm
2021-05-16,The Irishman,2019,https://boxd.it/dYOq
2021-05-16,The Lord of the Rings: The Return of the King,2003,https://boxd.it/2b5u
2021-05-16,Wonder Woman,2017,https://boxd.it/9roG
2021-05-16,Titanic,1997,https://boxd.it/2a2k
2021-05-16,Avengers: Age of Ultron,2015,https://boxd.it/3qi6
2021-05-16,Harry Potter and the Prisoner of Azkaban,2004,https://boxd.it/29Qy
2021-05-16,The Lord of the Rings: The Two Towers,2002,https://boxd.it/2b5E
2021-05-16,Return of the Jedi,1983,https://boxd.it/27Vm
2021-05-16,Finding Nemo,2003,https://boxd.it/72i
2021-05-16,John Wick,2014,https://boxd.it/7dEc
2021-05-16,Harry Potter and the Philosopher's Stone,2001,https://boxd.it/29QS
2021-05-16,Incredibles 2,2018,https://boxd.it/7IPg
2021-05-16,The Lion King,1994,https://boxd.it/201Q
2021-05-16,Batman Begins,2005,https://boxd.it/2aIg
2021-05-16,Fantastic Mr. Fox,2009,https://boxd.it/1WyQ
2021-05-16,Ant-Man,2015,https://boxd.it/3vmW
2021-05-16,My Neighbor Totoro,1988,https://boxd.it/20eA
2021-05-16,Annihilation,2018,https://boxd.it/9yzm
2021-05-16,"Monsters, Inc.",2001,https://boxd.it/2a46
2021-05-16,Split,2016,https://boxd.it/dgSy
2021-05-16,Deadpool 2,2018,https://boxd.it/dlLM
2021-05-16,Captain America: The First Avenger,2011,https://boxd.it/28b0
2021-05-16,Dead Poets Society,1989,https://boxd.it/2aSg
2021-05-16,Zootopia,2016,https://boxd.it/84xS
2021-05-16,Kill Bill: Vol. 2,2004,https://boxd.it/2au4
2021-05-16,Avatar,2009,https://boxd.it/1Efm
2021-05-16,Catch Me If You Can,2002,https://boxd.it/29VS
2021-05-16,Toy Story 3,2010,https://boxd.it/1WRe
2021-05-16,Gravity,2013,https://boxd.it/GZY
2021-05-16,The Mitchells vs. the Machines,2021,https://boxd.it/i7xm
2021-05-16,Mortal Kombat,2021,https://boxd.it/gswA
2021-05-16,Minari,2020,https://boxd.it/mL9M
2021-05-17,The Lego Movie,2014,https://boxd.it/4pDO
2021-05-21,Okja,2017,https://boxd.it/dvXe
2021-05-21,Wrath of Man,2021,https://boxd.it/nEia
2021-05-25,The Prestige,2006,https://boxd.it/293w
2021-05-25,Saving Private Ryan,1998,https://boxd.it/29ro
2021-05-25,Ready Player One,2018,https://boxd.it/aZes
2021-05-25,War of the Worlds,2005,https://boxd.it/2bde
2021-05-25,The Terminal,2004,https://boxd.it/2a2O
2021-05-25,The Lost World: Jurassic Park,1997,https://boxd.it/2azS
2021-05-25,Bridge of Spies,2015,https://boxd.it/9n9C
2021-05-25,Minority Report,2002,https://boxd.it/2aWi
2021-05-25,Jurassic World: Fallen Kingdom,2018,https://boxd.it/bOnU
2021-05-25,Silence,2016,https://boxd.it/2cAo
2021-05-25,"O Brother, Where Art Thou?",2000,https://boxd.it/2b3I
2021-05-25,Lion,2016,https://boxd.it/b2La
2021-05-25,Princess Mononoke,1997,https://boxd.it/2b4w
2021-05-25,Kiki's Delivery Service,1989,https://boxd.it/1JAY
2021-05-25,Ponyo,2008,https://boxd.it/1S0A
2021-05-25,Castle in the Sky,1986,https://boxd.it/1W4G
2021-05-25,Nausicaä of the Valley of the Wind,1984,https://boxd.it/2bc6
2021-05-25,Hunt for the Wilderpeople,2016,https://boxd.it/cTgG
2021-05-25,Palm Springs,2020,https://boxd.it/lCXQ
2021-05-25,The Accountant,2016,https://boxd.it/9EhI
2021-05-25,21 Bridges,2019,https://boxd.it/juea
2021-05-25,American Sniper,2014,https://boxd.it/5LDy
2021-05-25,Venom,2018,https://boxd.it/b8wA
2021-05-28,Scott Pilgrim vs. the World,2010,https://boxd.it/1Aq6
2021-05-29,Your Name.,2016,https://boxd.it/cUqs
2021-05-29,Weathering with You,2019,https://boxd.it/kPxE
2021-05-29,Fireworks,2017,https://boxd.it/fjvm
2021-05-29,The Princess Bride,1987,https://boxd.it/26EY
2021-05-29,The Farewell,2019,https://boxd.it/kIky
2021-05-31,American Made,2017,https://boxd.it/bb66
2021-05-31,Mr. & Mrs. Smith,2005,https://boxd.it/29CG
2021-05-31,Edge of Tomorrow,2014,https://boxd.it/4pD0
2021-05-31,Napoleon Dynamite,2004,https://boxd.it/20wu
2021-05-31,Creed,2015,https://boxd.it/a2qk
2021-06-01,Treasure Planet,2002,https://boxd.it/1Znm
2021-06-01,National Treasure,2004,https://boxd.it/27x0
2021-06-02,A Quiet Place Part II,2020,https://boxd.it/iTx0
2021-06-06,Tenet,2020,https://boxd.it/leq4
2021-06-08,WandaVision,2021,https://boxd.it/sbGW
2021-06-12,Bo Burnham: Inside,2021,https://boxd.it/v2uy
2021-06-12,Raya and the Last Dragon,2021,https://boxd.it/jbkI
2021-06-12,The Secret Life of Walter Mitty,2013,https://boxd.it/3SWy
2021-06-12,Crazy Rich Asians,2018,https://boxd.it/gfnK
2021-06-13,It,2017,https://boxd.it/bC8e
2021-06-14,The Master of Disguise,2002,https://boxd.it/1Pai
2021-06-14,Cloud Atlas,2012,https://boxd.it/2W60
2021-06-16,Cruella,2021,https://boxd.it/bbKg
2021-06-16,Solo: A Star Wars Story,2018,https://boxd.it/bGWs
2021-06-16,Mulan,1998,https://boxd.it/1VFw
2021-06-16,Mulan,2020,https://boxd.it/bbK6
2021-06-18,Get Out,2017,https://boxd.it/eOCm
2021-06-21,Luca,2021,https://boxd.it/ipjC
2021-06-28,Alien: Covenant,2017,https://boxd.it/49UY
2021-06-28,10 Cloverfield Lane,2016,https://boxd.it/aZiu
2021-06-29,The Queen's Gambit,2020,https://boxd.it/s1Ym
2021-06-29,Hidden Figures,2016,https://boxd.it/dgS4
2021-06-29,The Imitation Game,2014,https://boxd.it/6aig
2021-06-29,Life of Pi,2012,https://boxd.it/37pC
2021-06-29,Us,2019,https://boxd.it/gnV6
2021-07-02,The Fast and the Furious: Tokyo Drift,2006,https://boxd.it/1Yeo
2021-07-02,2 Fast 2 Furious,2003,https://boxd.it/2a4g
2021-07-02,Fast Five,2011,https://boxd.it/BgO
2021-07-02,Fast & Furious,2009,https://boxd.it/1Pnm
2021-07-02,The Fast and the Furious,2001,https://boxd.it/1XMu
2021-07-09,Hereditary,2018,https://boxd.it/hNVe
2021-07-10,A Beautiful Mind,2001,https://boxd.it/2amk
2021-07-10,Kingsman: The Secret Service,2014,https://boxd.it/6dxe
2021-07-10,Shrek,2001,https://boxd.it/29zi
2021-07-10,(500) Days of Summer,2009,https://boxd.it/1EmM
2021-07-10,Ford v Ferrari,2019,https://boxd.it/ce74
2021-07-10,Train to Busan,2016,https://boxd.it/dSQU
2021-07-10,"history of the entire world, i guess",2017,https://boxd.it/rQx0
2021-07-11,The Boss Baby: Family Business,2021,https://boxd.it/goWY
2021-07-11,Storks,2016,https://boxd.it/aUo8
2021-07-11,Enola Holmes,2020,https://boxd.it/hX2o
2021-07-11,"Love, Simon",2018,https://boxd.it/g02s
2021-07-11,Alita: Battle Angel,2019,https://boxd.it/e0rS
2021-07-11,In the Heights,2021,https://boxd.it/gLhu
2021-07-12,Friends: The Reunion,2021,https://boxd.it/pOQq
2021-07-17,Loki,2021,https://boxd.it/sbHg
2021-07-19,Big Fish,2003,https://boxd.it/2a3M
2021-07-19,Life Is Beautiful,1997,https://boxd.it/29Wm
2021-07-19,Black Widow,2021,https://boxd.it/hWV8
2021-07-19,A Goofy Movie,1995,https://boxd.it/1Lwu
2021-07-19,National Lampoon's Christmas Vacation,1989,https://boxd.it/22wQ
2021-07-19,Muppets Most Wanted,2014,https://boxd.it/4Cti
2021-07-19,The Muppets,2011,https://boxd.it/1zg
2021-07-19,What About Bob?,1991,https://boxd.it/1WEk
2021-07-19,Wallace & Gromit: The Curse of the Were-Rabbit,2005,https://boxd.it/2ac0
2021-07-19,Cars,2006,https://boxd.it/29ho
2021-07-19,Cars 2,2011,https://boxd.it/H4Y
2021-07-19,Cars 3,2017,https://boxd.it/7IPq
2021-07-19,Onward,2020,https://boxd.it/io92
2021-07-19,Porco Rosso,1992,https://boxd.it/1Tp2
2021-07-19,Leap Year,2010,https://boxd.it/1wdC
2021-07-19,10 Things I Hate About You,1999,https://boxd.it/23AO
2021-07-19,Arthur Christmas,2011,https://boxd.it/Cg6
2021-07-19,About Time,2013,https://boxd.it/43bI
2021-07-19,Big Hero 6,2014,https://boxd.it/5rje
2021-07-19,Wreck-It Ralph,2012,https://boxd.it/2TTS
2021-07-19,The Emperor's New Groove,2000,https://boxd.it/1Tey
2021-07-19,Tag,2018,https://boxd.it/gh7Y
2021-07-19,ParaNorman,2012,https://boxd.it/2FuY
2021-07-19,Masterminds,2016,https://boxd.it/6mTe
2021-07-19,What to Expect When You're Expecting,2012,https://boxd.it/2DEM
2021-07-19,The Sound of Music,1965,https://boxd.it/1MLK
2021-07-19,Hairspray,2007,https://boxd.it/261M
2021-07-19,Nacho Libre,2006,https://boxd.it/1YTG
2021-07-19,While You Were Sleeping,1995,https://boxd.it/27wm
2021-07-19,Mission: Impossible III,2006,https://boxd.it/29cI
2021-07-20,Midsommar,2019,https://boxd.it/jhxe
2021-07-20,Space Jam,1996,https://boxd.it/26YO
2021-07-21,Space Jam: A New Legacy,2021,https://boxd.it/dd9A
2021-07-24,Fear Street: 1994,2021,https://boxd.it/lLBk
2021-07-24,Fear Street: 1978,2021,https://boxd.it/lLBu
2021-07-24,Fear Street: 1666,2021,https://boxd.it/lLBE
2021-07-24,Home Alone,1990,https://boxd.it/29Fg
2021-07-26,Wish Dragon,2021,https://boxd.it/k6w2
2021-07-31,Jungle Cruise,2021,https://boxd.it/g4YK
2021-08-07,The Green Knight,2021,https://boxd.it/kuy2
2021-08-09,Suicide Squad,2016,https://boxd.it/9row
2021-08-13,The Suicide Squad,2021,https://boxd.it/fw6O
2021-08-29,Spider-Man 2,2004,https://boxd.it/2a88
2021-09-12,Shang-Chi and the Legend of the Ten Rings,2021,https://boxd.it/kLDI
2021-09-29,Squid Game,2021,https://boxd.it/x1OG
2021-10-04,Free Guy,2021,https://boxd.it/k8dm
2021-10-11,War Dogs,2016,https://boxd.it/9SlO
2021-10-15,Midnight Mass,2021,https://boxd.it/wvVA
2021-10-21,Last Christmas,2019,https://boxd.it/k38G
2021-10-22,Dune,2021,https://boxd.it/fA7G
2021-10-24,Star Wars: Visions – The Village Bride,2021,https://boxd.it/x5aU
2021-11-20,The French Dispatch,2021,https://boxd.it/jLP8
2021-11-21,Eternals,2021,https://boxd.it/j36o
2021-11-27,Spider-Man,2002,https://boxd.it/2a8i
2021-12-01,Ghostbusters: Afterlife,2021,https://boxd.it/f4Pw
2021-12-01,Amend: The Fight for America,2021,https://boxd.it/u36g
2021-12-05,Encanto,2021,https://boxd.it/kPRu
2021-12-14,Logan Lucky,2017,https://boxd.it/dZrs
2021-12-17,Spider-Man: No Way Home,2021,https://boxd.it/nwRw
2021-12-18,The Matrix,1999,https://boxd.it/2a1m
2021-12-19,The Matrix Reloaded,2003,https://boxd.it/2a1c
2021-12-23,The Matrix Resurrections,2021,https://boxd.it/n87k
2021-12-24,Ron's Gone Wrong,2021,https://boxd.it/hlj2
2021-12-24,Klaus,2019,https://boxd.it/ipoi
2021-12-25,Hawkeye,2021,https://boxd.it/xQqK
2021-12-25,The Matrix Revolutions,2003,https://boxd.it/2a12
2021-12-25,It's a Wonderful Life,1946,https://boxd.it/28xA
2021-12-31,Death to 2021,2021,https://boxd.it/yj28
2022-01-04,Don't Look Up,2021,https://boxd.it/o0Hc
2022-01-04,Birds of Prey (and the Fantabulous Emancipation of One Harley Quinn),2020,https://boxd.it/hSyO
2022-01-04,Ad Astra,2019,https://boxd.it/ePzI
2022-01-05,Blade Runner: Black Out 2022,2017,https://boxd.it/h5sM
2022-01-06,Blade Runner,1982,https://boxd.it/2bcA
2022-01-09,The Garden of Words,2013,https://boxd.it/5Ymq
2022-01-10,Ferris Bueller's Day Off,1986,https://boxd.it/1YPY
2022-01-10,Monty Python and the Holy Grail,1975,https://boxd.it/29GI
2022-01-10,Howl's Moving Castle,2004,https://boxd.it/23De
2022-01-10,Star Wars: Episode III – Revenge of the Sith,2005,https://boxd.it/27US
2022-01-10,Star Wars: Episode I – The Phantom Menace,1999,https://boxd.it/27Vc
2022-01-10,A Beautiful Day in the Neighborhood,2019,https://boxd.it/i7vA
2022-01-10,Star Wars: Visions – The Twins,2021,https://boxd.it/x5bI
2022-01-10,Star Wars: Visions – The Ninth Jedi,2021,https://boxd.it/x5be
2022-01-10,Star Wars: Visions – The Elder,2021,https://boxd.it/x5c2
2022-01-10,Star Wars: Visions – Lop & Ochō,2021,https://boxd.it/x5aK
2022-01-10,Star Wars: Visions – Akakiri,2021,https://boxd.it/x5by
2022-01-10,Star Wars: Visions – The Duel,2021,https://boxd.it/x5aq
2022-01-10,Kin of the Stained Blade,2020,https://boxd.it/rlcK
2022-01-10,Atlantis: The Lost Empire,2001,https://boxd.it/1Vck
2022-01-10,The Disaster Artist,2017,https://boxd.it/cTqc
2022-01-10,Mary and The Witch's Flower,2017,https://boxd.it/ffTY
2022-01-10,Iron Man 3,2013,https://boxd.it/2cBQ
2022-01-11,Us Again,2021,https://boxd.it/thCe
2022-01-11,Far from the Tree,2021,https://boxd.it/vmgc
2022-01-17,The Amazing Spider-Man,2012,https://boxd.it/27PI
2022-02-01,"tick, tick... BOOM!",2021,https://boxd.it/jz2e
2022-02-06,Sully,2016,https://boxd.it/cD8Q
2022-02-21,The King's Man,2021,https://boxd.it/h714
2022-02-26,Death on the Nile,2022,https://boxd.it/ifpg
2022-03-09,The Batman,2022,https://boxd.it/eDGs
2022-03-23,Turning Red,2022,https://boxd.it/ipkq
2022-04-11,Parasyte -the maxim-,2014,https://boxd.it/pDn8
2022-04-12,Everything Everywhere All at Once,2022,https://boxd.it/jUk4
2022-04-21,Her,2013,https://boxd.it/4O24
2022-04-22,American Psycho,2000,https://boxd.it/28Vs
2022-04-29,Black Mirror: Nosedive,2016,https://boxd.it/hK9G
2022-04-29,Black Mirror: Shut Up and Dance,2016,https://boxd.it/hRRq
2022-04-29,Black Mirror: Be Right Back,2013,https://boxd.it/hRpw
2022-04-29,Black Mirror: White Bear,2013,https://boxd.it/hRpG
2022-04-29,Black Mirror: White Christmas,2014,https://boxd.it/B3qu
2022-04-29,Black Mirror: Playtest,2016,https://boxd.it/hRR6
2022-04-30,Moon Knight,2022,https://boxd.it/zeDq
2022-04-30,Black Mirror: San Junipero,2016,https://boxd.it/k4aS
2022-05-16,Doctor Strange in the Multiverse of Madness,2022,https://boxd.it/gaTc
2022-05-16,Midnight in Paris,2011,https://boxd.it/i4a
2022-05-17,Pulp Fiction,1994,https://boxd.it/29Pq
2022-05-18,Fight Club,1999,https://boxd.it/2a9q
2022-05-19,Forgetting Sarah Marshall,2008,https://boxd.it/1XEq
2022-05-20,Taxi Driver,1976,https://boxd.it/2b8y
2022-05-21,Men,2022,https://boxd.it/tlc0
2022-05-21,Chip 'n Dale: Rescue Rangers,2022,https://boxd.it/eSk2
2022-05-21,Geri's Game,1997,https://boxd.it/1P6U
2022-05-25,The Unbearable Weight of Massive Talent,2022,https://boxd.it/o6eK
2022-05-28,Obi-Wan Kenobi,2022,https://boxd.it/yLBA
2022-05-31,Top Gun: Maverick,2022,https://boxd.it/cjr4
2022-06-01,"Love, Death & Robots: Three Robots",2019,https://boxd.it/lECK
2022-06-01,"Love, Death & Robots: Sonnie's Edge",2019,https://boxd.it/lECg
2022-06-01,"Love, Death & Robots: The Witness",2019,https://boxd.it/lFO8
2022-06-01,"Love, Death & Robots: When the Yogurt Took Over",2019,https://boxd.it/lFSY
2022-06-01,"Love, Death & Robots: Beyond the Aquila Rift",2019,https://boxd.it/lGTe
2022-06-01,"Love, Death & Robots: Ice Age",2019,https://boxd.it/lJG8
2022-06-01,"Love, Death & Robots: The Secret War",2019,https://boxd.it/lN0g
2022-06-01,"Love, Death & Robots: Sucker of Souls",2019,https://boxd.it/lFOW
2022-06-01,"Love, Death & Robots: Ice",2021,https://boxd.it/vhLu
2022-06-02,"Love, Death & Robots: Good Hunting",2019,https://boxd.it/lJFO
2022-06-02,"Love, Death & Robots: The Dump",2019,https://boxd.it/lJGi
2022-06-02,"Love, Death & Robots: Shape-Shifters",2019,https://boxd.it/lJFY
2022-06-02,"Love, Death & Robots: Fish Night",2019,https://boxd.it/lJGs
2022-06-02,"Love, Death & Robots: Helping Hand",2019,https://boxd.it/lJGW
2022-06-02,"Love, Death & Robots: Zima Blue",2019,https://boxd.it/lJGM
2022-06-02,"Love, Death & Robots: Lucky 13",2019,https://boxd.it/lJGC
2022-06-02,"Love, Death & Robots: Blindspot",2019,https://boxd.it/lJH6
2022-06-02,"Love, Death & Robots: Pop Squad",2021,https://boxd.it/vhLE
2022-06-02,"Love, Death & Robots: Automated Customer Service",2021,https://boxd.it/vhLk
2022-06-02,"Love, Death & Robots: The Drowned Giant",2021,https://boxd.it/vdRo
2022-06-03,"Love, Death & Robots: All Through the House",2021,https://boxd.it/vhXA
2022-06-03,"Love, Death & Robots: Snow in the Desert",2021,https://boxd.it/vhLO
2022-06-03,"Love, Death & Robots: The Tall Grass",2021,https://boxd.it/vdQU
2022-06-03,"Love, Death & Robots: Life Hutch",2021,https://boxd.it/vdRe
2022-06-03,"Love, Death & Robots: Night of the Mini Dead",2022,https://boxd.it/AW6s
2022-06-03,"Love, Death & Robots: Mason's Rats",2022,https://boxd.it/AW76
2022-06-03,"Love, Death & Robots: In Vaulted Halls Entombed",2022,https://boxd.it/AW7A
2022-06-03,"Love, Death & Robots: Kill Team Kill",2022,https://boxd.it/AW6M
2022-06-03,"Love, Death & Robots: Swarm",2022,https://boxd.it/AW84
2022-06-04,"Love, Death & Robots: Jibaro",2022,https://boxd.it/EqO6
2022-06-05,You've Got Mail,1998,https://boxd.it/1Yye
2022-06-07,Once Upon a Time... in Hollywood,2019,https://boxd.it/gH0O
2022-06-08,Bo Burnham: The Inside Outtakes,2022,https://boxd.it/C0h2
2022-06-08,The Power of the Dog,2021,https://boxd.it/m99E
2022-06-16,Under the Banner of Heaven,2022,https://boxd.it/zMlA
2022-06-22,Lightyear,2022,https://boxd.it/qV1G
2022-06-22,The Northman,2022,https://boxd.it/nK2s
2022-06-23,Jurassic World Dominion,2022,https://boxd.it/ikXW
2022-06-29,Old,2021,https://boxd.it/npKI
2022-06-29,The Hunger Games,2012,https://boxd.it/2uds
2022-06-29,The Hunger Games: Catching Fire,2013,https://boxd.it/3sAw
2022-07-02,Reservoir Dogs,1992,https://boxd.it/2agc
2022-07-04,Elvis,2022,https://boxd.it/mK4w
2022-07-05,A Silent Voice: The Movie,2016,https://boxd.it/d99c
2022-07-08,Thor: Love and Thunder,2022,https://boxd.it/mMAY
2022-07-16,The Gray Man,2022,https://boxd.it/rb7q
2022-07-21,Contagion,2011,https://boxd.it/13rq
2022-07-22,Nope,2022,https://boxd.it/sDCe
2022-07-22,The Bob's Burgers Movie,2022,https://boxd.it/if7w
2022-07-23,The Lost City of Z,2016,https://boxd.it/a7jS
2022-07-23,The Nice Guys,2016,https://boxd.it/94Hg
2022-07-23,Black Mirror: Black Museum,2017,https://boxd.it/hRqu
2022-07-23,Black Mirror: The Entire History of You,2011,https://boxd.it/hQZ4
2022-07-23,Black Mirror: Fifteen Million Merits,2011,https://boxd.it/hQYU
2022-07-23,Black Mirror: Hated in the Nation,2016,https://boxd.it/hSBI
2022-07-23,Good Morning,2007,https://boxd.it/fqQc
2022-07-23,Rejected,2000,https://boxd.it/1gZU
2022-07-24,Tipping Point,2020,https://boxd.it/zp9w
2022-07-24,"Love, Death & Robots: Bad Travelling",2022,https://boxd.it/BykM
2022-07-24,Save Ralph,2021,https://boxd.it/ux2o
2022-07-25,8:46,2020,https://boxd.it/qL5e
2022-07-26,Marcel the Shell with Shoes On,2010,https://boxd.it/cOZw
2022-07-26,"Marcel the Shell with Shoes On, Two",2011,https://boxd.it/eOZU
2022-07-26,"Marcel the Shell with Shoes On, Three",2014,https://boxd.it/eP0S
2022-07-26,All Too Well: The Short Film,2021,https://boxd.it/xTmc
2022-07-26,The Mark of Emi,2021,https://boxd.it/veYA
2022-07-26,Marcel the Shell with Shoes On,2021,https://boxd.it/wMAk
2022-07-27,Iron Man 2,2010,https://boxd.it/1WZM
2022-07-27,Star Wars: Episode II – Attack of the Clones,2002,https://boxd.it/27V2
2022-07-27,Robots,2005,https://boxd.it/1Xve
2022-08-03,"Crazy, Stupid, Love.",2011,https://boxd.it/D9A
2022-08-05,Where the Crawdads Sing,2022,https://boxd.it/psLS
2022-08-07,Altered Carbon: Resleeved,2020,https://boxd.it/oLbW
2022-08-08,Ex Machina,2015,https://boxd.it/7T2k
2022-09-24,The Haunting of Hill House,2018,https://boxd.it/kfJ0
2022-10-07,Black Mirror: Hang the DJ,2017,https://boxd.it/hQYA
2022-10-08,Hocus Pocus 2,2022,https://boxd.it/nRog
2022-10-08,Trick or Treat Scooby-Doo!,2022,https://boxd.it/CobW
2022-10-14,The Hunt for Red October,1990,https://boxd.it/28lk
2022-10-15,DAHMER - Monster: The Jeffrey Dahmer Story,2022,https://boxd.it/CRG0
2022-10-15,The Lord of the Rings: The Rings of Power Global Fan Screening,2022,https://boxd.it/CpBw
2022-10-15,See How They Run,2022,https://boxd.it/sNVq
2022-10-26,Minions: The Rise of Gru,2022,https://boxd.it/fz9w
2022-11-01,It Chapter Two,2019,https://boxd.it/h10u
2022-11-10,The Shawshank Redemption,1994,https://boxd.it/2aHi
2022-11-12,Black Panther: Wakanda Forever,2022,https://boxd.it/igPu
2022-11-24,No Country for Old Men,2007,https://boxd.it/21ew
2022-11-24,The People We Hate at the Wedding,2022,https://boxd.it/uc2i
2022-11-27,The Bad Guys,2022,https://boxd.it/nkg4
2022-12-10,All Quiet on the Western Front,2022,https://boxd.it/H08
2022-12-11,The Holiday,2006,https://boxd.it/28ye
2022-12-11,The Polar Express,2004,https://boxd.it/23am
2022-12-11,The Prince of Egypt,1998,https://boxd.it/1XGQ
2022-12-11,Godzilla,1998,https://boxd.it/29fW
2022-12-11,The Sandlot,1993,https://boxd.it/1TDy
2022-12-11,Dinosaur,2000,https://boxd.it/1VWi
2022-12-11,Secondhand Lions,2003,https://boxd.it/1QHC
2022-12-11,Harry Potter and the Chamber of Secrets,2002,https://boxd.it/29QI
2022-12-11,Hook,1991,https://boxd.it/29nQ
2022-12-11,Jumanji,1995,https://boxd.it/1ZLI
2022-12-11,Tarzan,1999,https://boxd.it/18YO
2022-12-11,Fantasia 2000,1999,https://boxd.it/ENG
2022-12-11,Signs,2002,https://boxd.it/26t2
2022-12-11,Jurassic Park III,2001,https://boxd.it/2azI
2022-12-11,The Rescuers Down Under,1990,https://boxd.it/1Uya
2022-12-11,"Hey There, It's Yogi Bear!",1964,https://boxd.it/1gdw
2022-12-11,Transformers,2007,https://boxd.it/280c
2022-12-11,Teenage Mutant Ninja Turtles,1990,https://boxd.it/28FY
2022-12-11,Back to the Future Part II,1989,https://boxd.it/2aYI
2022-12-11,Back to the Future Part III,1990,https://boxd.it/2aTS
2022-12-11,Dennis the Menace,1993,https://boxd.it/1SrQ
2022-12-11,Aladdin,1992,https://boxd.it/29yE
2022-12-11,Stuart Little,1999,https://boxd.it/1WZW
2022-12-11,Cats & Dogs,2001,https://boxd.it/1UUq
2022-12-11,Jimmy Neutron: Boy Genius,2001,https://boxd.it/1RDm
2022-12-11,Lilo & Stitch,2002,https://boxd.it/1TAY
2022-12-11,Like Mike,2002,https://boxd.it/1Beq
2022-12-11,Pirates of the Caribbean: The Curse of the Black Pearl,2003,https://boxd.it/70G
2022-12-11,Holes,2003,https://boxd.it/20mE
2022-12-11,Elf,2003,https://boxd.it/1VyK
2022-12-17,Bullet Train,2022,https://boxd.it/qW26
2022-12-19,The Menu,2022,https://boxd.it/lScm
2022-12-21,Avatar: The Way of Water,2022,https://boxd.it/2E2E
2022-12-23,The Whale,2022,https://boxd.it/tw4c
2022-12-24,Uncharted,2022,https://boxd.it/b5Dy
2022-12-28,Glass Onion,2022,https://boxd.it/oCkK
2022-12-28,Guillermo del Toro's Pinocchio,2022,https://boxd.it/kjMW
2022-12-31,Puss in Boots: The Last Wish,2022,https://boxd.it/aaie
2023-01-02,How the Grinch Stole Christmas,2000,https://boxd.it/1ZHQ
2023-01-02,Home Alone 2: Lost in New York,1992,https://boxd.it/29F6
2023-01-02,Harry Potter and the Goblet of Fire,2005,https://boxd.it/29Qo
2023-01-02,How to Lose a Guy in 10 Days,2003,https://boxd.it/1XwG
2023-01-02,The Nightmare Before Christmas,1993,https://boxd.it/1YzQ
2023-01-02,The Muppet Christmas Carol,1992,https://boxd.it/1WgC
2023-01-02,Harry Potter and the Order of the Phoenix,2007,https://boxd.it/29Qe
2023-01-02,Harry Potter and the Deathly Hallows: Part 2,2011,https://boxd.it/1RYk
2023-01-02,Top Gun,1986,https://boxd.it/29JC
2023-01-02,Harry Potter and the Half-Blood Prince,2009,https://boxd.it/29FU
2023-01-02,The Devil Wears Prada,2006,https://boxd.it/2awE
2023-01-02,Shrek 2,2004,https://boxd.it/29z8
2023-01-02,Harry Potter and the Deathly Hallows: Part 1,2010,https://boxd.it/1RYu
2023-01-02,A Christmas Story,1983,https://boxd.it/29sw
2023-01-02,Frozen,2013,https://boxd.it/3GNa
2023-01-02,Charlie and the Chocolate Factory,2005,https://boxd.it/2b68
2023-01-02,Twilight,2008,https://boxd.it/1Zui
2023-01-02,Mamma Mia!,2008,https://boxd.it/1Tnq
2023-01-02,Matilda,1996,https://boxd.it/1VhY
2023-01-02,A Charlie Brown Christmas,1965,https://boxd.it/1QDq
2023-01-02,Spider-Man 3,2007,https://boxd.it/2a7Y
2023-01-02,Thor,2011,https://boxd.it/1WQU
2023-01-02,Moana,2016,https://boxd.it/8tfY
2023-01-02,How to Train Your Dragon,2010,https://boxd.it/1WRy
2023-01-02,School of Rock,2003,https://boxd.it/28xK
2023-01-02,Tangled,2010,https://boxd.it/15gO
2023-01-02,Toy Story 2,1999,https://boxd.it/29qq
2023-01-02,Kung Fu Panda,2008,https://boxd.it/1Yws
2023-01-02,Megamind,2010,https://boxd.it/16Sk
2023-01-02,Corpse Bride,2005,https://boxd.it/24WQ
2023-01-02,Strange World,2022,https://boxd.it/x6Li
2023-01-02,Godzilla,2014,https://boxd.it/47OE
2023-01-03,The Man from U.N.C.L.E.,2015,https://boxd.it/67lG
2023-01-05,Mile 22,2018,https://boxd.it/bEwM
2023-01-10,Mission: Impossible – Rogue Nation,2015,https://boxd.it/5rI4
2023-01-10,Mission: Impossible – Fallout,2018,https://boxd.it/bSVc
2023-02-27,Ant-Man and the Wasp: Quantumania,2023,https://boxd.it/nL2y
2023-03-01,Knock at the Cabin,2023,https://boxd.it/npL2
2023-03-05,Godzilla vs. Kong,2021,https://boxd.it/e0qK
2023-03-18,Don't Worry Darling,2022,https://boxd.it/mViu
2023-03-28,John Wick: Chapter 4,2023,https://boxd.it/mh48
2023-04-03,Dungeons & Dragons: Honor Among Thieves,2023,https://boxd.it/hN1A
2023-04-09,The Super Mario Bros. Movie,2023,https://boxd.it/i8C8
2023-04-16,Air,2023,https://boxd.it/Arlc
2023-04-16,Suzume,2022,https://boxd.it/yv7Y
2023-04-25,Beau Is Afraid,2023,https://boxd.it/u2gE
2023-04-25,Ghosted,2023,https://boxd.it/wL1e
2023-05-02,BEEF,2023,https://boxd.it/FPsm
2023-05-06,Guardians of the Galaxy Vol. 3,2023,https://boxd.it/fVNI
2023-05-10,Star Wars: Tales of the Jedi,2022,https://boxd.it/DmaE
2023-05-10,Star Wars: Visions – Screecher's Reach,2023,https://boxd.it/GqTY
2023-05-10,Star Wars: Visions – Sith,2023,https://boxd.it/GqU8
2023-05-11,Star Wars: Visions – I Am Your Mother,2023,https://boxd.it/GqEE
2023-05-11,Star Wars: Visions – Journey to the Dark Head,2023,https://boxd.it/GqL6
2023-05-12,Star Wars: Visions – The Spy Dancer,2023,https://boxd.it/GqOk
2023-05-12,Star Wars: Visions – The Bandits of Golak,2023,https://boxd.it/GqOu
2023-05-12,Star Wars: Visions – The Pit,2023,https://boxd.it/GqOY
2023-05-12,Star Wars: Visions – Aau's Song,2023,https://boxd.it/GqMo
2023-05-30,Love & Death,2023,https://boxd.it/Gdw8
2023-05-30,The Little Mermaid,2023,https://boxd.it/fVum
2023-05-31,Good Will Hunting,1997,https://boxd.it/2ahY
2023-05-31,Star Wars: Visions – In the Stars,2023,https://boxd.it/Gro8
2023-05-31,ERASED,2016,https://boxd.it/px1A
2023-06-05,Spider-Man: Across the Spider-Verse,2023,https://boxd.it/kSz4
2023-06-11,Rye Lane,2023,https://boxd.it/DIyy
2023-06-14,Reality,2023,https://boxd.it/BeLI
2023-06-14,Moonrise Kingdom,2012,https://boxd.it/2Wng
2023-06-18,Elemental,2023,https://boxd.it/ASiE
2023-06-23,Scream,1996,https://boxd.it/24EC
2023-06-23,Scream 2,1997,https://boxd.it/24Es
2023-06-23,Scream 3,2000,https://boxd.it/24Ei
2023-06-23,Asteroid City,2023,https://boxd.it/s3ds
2023-06-24,Past Lives,2023,https://boxd.it/oNB8
2023-06-27,Scream 4,2011,https://boxd.it/Zmc
2023-06-27,Scream,2022,https://boxd.it/o0lg
2023-06-28,Scream VI,2023,https://boxd.it/zdfW
2023-06-29,Isle of Dogs,2018,https://boxd.it/dZrW
2023-07-04,Bodies Bodies Bodies,2022,https://boxd.it/iRcE
2023-07-04,X,2022,https://boxd.it/sxVa
2023-07-05,Nimona,2023,https://boxd.it/Aiyc
2023-07-05,Indiana Jones and the Dial of Destiny,2023,https://boxd.it/b8vM
2023-07-07,Chernobyl,2019,https://boxd.it/mkbG
2023-07-08,Pearl,2022,https://boxd.it/zPbe
2023-07-08,A Hard Day's Night,1964,https://boxd.it/29LS
2023-07-09,Rango,2011,https://boxd.it/QPk
2023-07-10,The Lost City,2022,https://boxd.it/sg0Q
2023-07-10,Other Side of the Box,2018,https://boxd.it/lXsa
2023-07-10,Ant-Man and the Wasp,2018,https://boxd.it/cqUW
2023-07-10,Godzilla: King of the Monsters,2019,https://boxd.it/cY7Y
2023-07-10,Jurassic World,2015,https://boxd.it/4n0g
2023-07-10,Kingsman: The Golden Circle,2017,https://boxd.it/buJm
2023-07-10,Thor: The Dark World,2013,https://boxd.it/2DqA
2023-07-10,Toy Story 4,2019,https://boxd.it/9ALu
2023-07-11,The Wolf of Wall Street,2013,https://boxd.it/3C1m
2023-07-11,Groundhog Day for a Black Man,2016,https://boxd.it/tQbW
2023-07-13,Mission: Impossible – Dead Reckoning,2023,https://boxd.it/l7zS
2023-07-14,Babylon,2022,https://boxd.it/mM02
2023-07-14,There Will Be Blood,2007,https://boxd.it/20Z2
2023-07-16,This Place Rules,2022,https://boxd.it/CJGm
2023-07-19,1917,2019,https://boxd.it/jj4y
2023-07-21,Barbie,2023,https://boxd.it/bCLK
2023-07-22,Oppenheimer,2023,https://boxd.it/wUow
2023-08-16,Talk to Me,2022,https://boxd.it/C6uQ
2023-08-17,Sound of Freedom,2023,https://boxd.it/piEi
2023-08-23,The Wind Rises,2013,https://boxd.it/4JQS
2023-09-02,Teenage Mutant Ninja Turtles: Mutant Mayhem,2023,https://boxd.it/mK0a
2023-09-12,Bottoms,2023,https://boxd.it/uGf2
2023-09-15,Ahsoka,2023,https://boxd.it/IhEE
2023-10-03,A Haunting in Venice,2023,https://boxd.it/zGdg
2023-10-05,The Creator,2023,https://boxd.it/oXWq
2023-10-12,Haunted Mansion,2023,https://boxd.it/mOsi
2023-10-17,E.T. the Extra-Terrestrial,1982,https://boxd.it/2a1G
2023-10-23,The Many Adventures of Winnie the Pooh,1977,https://boxd.it/7l0Y
2023-10-25,Killers of the Flower Moon,2023,https://boxd.it/gHp0
2023-11-12,The Marvels,2023,https://boxd.it/mwU4
2023-11-21,The Hunger Games: The Ballad of Songbirds & Snakes,2023,https://boxd.it/pZCY
2023-11-23,Saltburn,2023,https://boxd.it/z4eg
2023-11-24,Next Goal Wins,2023,https://boxd.it/mZTu
2023-12-08,The Boy and the Heron,2023,https://boxd.it/ipeM
2023-12-14,Godzilla Minus One,2023,https://boxd.it/zu4c
2023-12-19,The Backrooms (Found Footage),2022,https://boxd.it/B0mE
2023-12-19,The Guardians of the Galaxy Holiday Special,2022,https://boxd.it/t77K
2023-12-25,Murder Among the Mormons,2021,https://boxd.it/u93W
2023-12-31,Migration,2023,https://boxd.it/ztfo
2024-01-04,Triangle of Sadness,2022,https://boxd.it/hXlq
2024-01-06,The Worst Person in the World,2021,https://boxd.it/oyws
2024-01-06,Cinderella,2015,https://boxd.it/4KX6
2024-01-08,After Yang,2021,https://boxd.it/lx5a
2024-01-15,The Wrong Trousers,1993,https://boxd.it/2ack
2024-01-15,A Grand Day Out,1989,https://boxd.it/2acu
2024-01-15,A Close Shave,1995,https://boxd.it/2aca
2024-01-15,Raiders of the Lost Ark,1981,https://boxd.it/2bbs
2024-01-15,Bowfinger,1999,https://boxd.it/1U3w
2024-01-15,Legally Blonde,2001,https://boxd.it/1ZNa
2024-01-15,Hacksaw Ridge,2016,https://boxd.it/azew
2024-01-15,Hot Rod,2007,https://boxd.it/1X9C
2024-01-17,Scott Pilgrim Takes Off,2023,https://boxd.it/JLZk
2024-01-18,Barbie as The Princess & the Pauper,2004,https://boxd.it/1MGU
2024-01-20,The Holdovers,2023,https://boxd.it/vHza
2024-01-31,Masters of the Air,2024,https://boxd.it/KPrS
2024-02-06,Wolfwalkers,2020,https://boxd.it/fGrC
2024-02-14,Normal People,2020,https://boxd.it/q2VY
2024-02-14,The Zone of Interest,2023,https://boxd.it/gJsA
2024-02-15,Miss Pettigrew Lives for a Day,2008,https://boxd.it/1SlS
2024-02-16,Poor Things,2023,https://boxd.it/tNWU
2024-02-18,Society of the Snow,2023,https://boxd.it/y9aw
2024-02-18,Bobo the Monkey,2021,https://boxd.it/tuya
2024-02-18,Puparia,2020,https://boxd.it/sNym
2024-02-18,In a Heartbeat,2017,https://boxd.it/ggzW
2024-02-18,Birthday (Bad Kid Stuff),2022,https://boxd.it/CzDi
2024-02-19,BLUE EYE SAMURAI,2023,https://boxd.it/JH9k
2024-02-21,Snowpiercer,2013,https://boxd.it/3Icg
2024-02-25,Whiplash,2014,https://boxd.it/7bQA
2024-02-26,Demon Slayer: Kimetsu no Yaiba,2019,https://boxd.it/pKsE
2024-03-01,Dune: Part Two,2024,https://boxd.it/pUfA
2024-03-17,Kung Fu Panda 4,2024,https://boxd.it/CepE
2024-04-13,Civil War,2024,https://boxd.it/z1jW
2024-04-17,Attack on Titan The Final Chapters: Special 2,2023,https://boxd.it/JyZw
2024-04-17,Attack on Titan The Final Chapters: Special 1,2023,https://boxd.it/JyYy
2024-04-22,The Ministry of Ungentlemanly Warfare,2024,https://boxd.it/u5zu
2024-04-30,Shōgun,2024,https://boxd.it/LciY
2024-05-19,American Fiction,2023,https://boxd.it/DYHm
2024-05-19,The Iron Claw,2023,https://boxd.it/w5Pm
2024-05-19,Akira,1988,https://boxd.it/2b1i
2024-05-27,The Fall Guy,2024,https://boxd.it/s0Bm
2024-06-13,Jujutsu Kaisen,2020,https://boxd.it/sOve
2024-06-14,Challengers,2024,https://boxd.it/zld0
2024-06-14,Kingdom of the Planet of the Apes,2024,https://boxd.it/ohEE
2024-06-17,Inside Out 2,2024,https://boxd.it/CFrC
2024-06-17,Furiosa: A Mad Max Saga,2024,https://boxd.it/tABk
2024-06-26,The Idea of You,2024,https://boxd.it/vOW6
2024-07-15,"Red, White & Royal Blue",2023,https://boxd.it/z3iG
2024-07-23,Love Lies Bleeding,2024,https://boxd.it/zN4q
2024-07-24,Twisters,2024,https://boxd.it/qV7a
2024-07-25,Bones and All,2022,https://boxd.it/tLd4
2024-07-25,Jujutsu Kaisen 0,2021,https://boxd.it/uvFS
2024-07-30,X-Men: First Class,2011,https://boxd.it/FOA
2024-08-02,Deadpool & Wolverine,2024,https://boxd.it/jq8s
2024-08-07,Trap,2024,https://boxd.it/D4nK
2024-08-08,The Witch,2015,https://boxd.it/9X0m
2024-08-14,Fresh,2022,https://boxd.it/tCNi
2024-08-15,X-Men: Days of Future Past,2014,https://boxd.it/4aRw
2024-08-17,Mean Girls,2004,https://boxd.it/1VNg
2024-08-19,The Fall,2006,https://boxd.it/1NoM
2024-08-19,The Grinch,2018,https://boxd.it/chpK
2024-08-19,Flushed Away,2006,https://boxd.it/1Tpm
2024-08-19,Grease,1978,https://boxd.it/29YW
2024-08-19,Mamma Mia! Here We Go Again,2018,https://boxd.it/gnfO
2024-08-28,Strange Darling,2023,https://boxd.it/CVIk
2024-08-30,Kimi,2022,https://boxd.it/u7LW
2024-08-31,The Last Five Years,2014,https://boxd.it/6boO
2024-08-31,Feast,2014,https://boxd.it/9eOQ
2024-08-31,Twenty Something,2021,https://boxd.it/wbzu
2024-08-31,La luna,2011,https://boxd.it/2WbO
2024-08-31,Kitbull,2019,https://boxd.it/l4MY
2024-08-31,Blush,2021,https://boxd.it/uPgy
2024-08-31,Out,2020,https://boxd.it/qs3I
2024-08-31,Alien: Romulus,2024,https://boxd.it/zGqO
2024-09-06,21 Jump Street,2012,https://boxd.it/J0
2024-10-02,Megalopolis,2024,https://boxd.it/lPBS
2024-10-10,I Saw the TV Glow,2024,https://boxd.it/woVe
2024-10-14,The Wild Robot,2024,https://boxd.it/IWFy
2024-10-22,Wonder,2017,https://boxd.it/ekeY
2024-10-26,Venom: The Last Dance,2024,https://boxd.it/ynqo
2024-10-30,Monster House,2006,https://boxd.it/1Z2e
2024-11-12,"The Boy, the Mole, the Fox and the Horse",2022,https://boxd.it/BBT6
2024-11-13,Heretic,2024,https://boxd.it/H1lY
2024-11-18,Red One,2024,https://boxd.it/vTBM
2024-11-24,Wicked,2024,https://boxd.it/e8ME
2024-12-08,Over the Garden Wall,2014,https://boxd.it/eqFw
2024-12-16,Conclave,2024,https://boxd.it/AO8q
